Site,Herbivory,Light,Species,BDI_2008,RBDI
1,control,dark,Acer,0.026315789,NA
1,control,dark,Acer,0.025641026,NA
1,control,dark,Acer,0.02247191,0.121212121
1,control,dark,Acer,0.020618557,NA
1,control,dark,Acer,0.032258065,NA
1,control,dark,Acer,0.078431373,NA
1,control,light,Acer,0.277777778,0.203703704
1,control,light,Acer,0.020618557,0.194444444
1,control,light,Acer,0.028169014,NA
1,control,light,Acer,0.015503876,0.227272727
1,control,light,Acer,0.021978022,0.070175439
1,control,light,Acer,0.027777778,NA
1,exclosure,dark,Acer,0.022727273,NA
1,exclosure,dark,Acer,0.018018018,NA
1,exclosure,dark,Acer,0.02020202,0.166666667
1,exclosure,dark,Acer,0.025641026,0.191489362
1,exclosure,dark,Acer,0.033333333,0.120689655
1,exclosure,dark,Acer,0.029411765,NA
1,exclosure,light,Acer,0.019607843,0.02739726
1,exclosure,light,Acer,0.035087719,0.053571429
1,exclosure,light,Acer,0.021978022,0.038095238
1,exclosure,light,Acer,0.039215686,0.036036036
1,exclosure,light,Acer,0.021276596,0.037735849
1,exclosure,light,Acer,0.023255814,0.042253521
1,control,dark,Carpinus,0.024096386,NA
1,control,dark,Carpinus,0.081632653,NA
1,control,dark,Carpinus,0.066666667,NA
1,control,dark,Carpinus,0.325581395,NA
1,control,dark,Carpinus,0.066666667,NA
1,control,dark,Carpinus,0.095238095,NA
1,control,light,Carpinus,0.054054054,0.183673469
1,control,light,Carpinus,0.166666667,0.176767677
1,control,light,Carpinus,0.113207547,0.180555556
1,control,light,Carpinus,0.076923077,0.206896552
1,control,light,Carpinus,0.114285714,0.081632653
1,control,light,Carpinus,0.105263158,0.122340426
1,exclosure,dark,Carpinus,0.203389831,NA
1,exclosure,dark,Carpinus,0.137931034,NA
1,exclosure,dark,Carpinus,0.085106383,NA
1,exclosure,dark,Carpinus,0.181818182,NA
1,exclosure,dark,Carpinus,0.054054054,NA
1,exclosure,dark,Carpinus,0.5,NA
1,exclosure,light,Carpinus,0.090909091,0.152173913
1,exclosure,light,Carpinus,0.085106383,0.082089552
1,exclosure,light,Carpinus,0.217391304,0.046
1,exclosure,light,Carpinus,0.051282051,0.169642857
1,exclosure,light,Carpinus,0.08,0.08411215
1,exclosure,light,Carpinus,0.044444444,0.27826087
1,control,dark,Picea,0.470588235,NA
1,control,dark,Picea,1.232876712,NA
1,control,dark,Picea,1.014925373,NA
1,control,dark,Picea,0.785714286,NA
1,control,dark,Picea,1.772151899,NA
1,control,dark,Picea,2.425531915,NA
1,control,light,Picea,1.309090909,0.027777778
1,control,light,Picea,0.568627451,0.031484258
1,control,light,Picea,1.333333333,0.036706349
1,control,light,Picea,0.626865672,0.062271062
1,control,light,Picea,1.46031746,0.045068929
1,control,light,Picea,0.90625,0.051034483
1,exclosure,dark,Picea,1.263157895,NA
1,exclosure,dark,Picea,1.139240506,NA
1,exclosure,dark,Picea,1.463414634,NA
1,exclosure,dark,Picea,1.577464789,NA
1,exclosure,dark,Picea,1.074074074,NA
1,exclosure,dark,Picea,1.104166667,NA
1,exclosure,light,Picea,0.829268293,0.146405229
1,exclosure,light,Picea,0.939393939,0.046432063
1,exclosure,light,Picea,1.452054795,0.033903302
1,exclosure,light,Picea,1.137254902,0.043465662
1,exclosure,light,Picea,1.15625,0.077027027
1,exclosure,light,Picea,1.489361702,0.05974026
1,control,dark,Quercus,0.018181818,NA
1,control,dark,Quercus,0.079365079,NA
1,control,dark,Quercus,0.014388489,NA
1,control,dark,Quercus,0.074766355,NA
1,control,dark,Quercus,0.140350877,NA
1,control,dark,Quercus,0.072727273,NA
1,control,light,Quercus,0.055045872,0.11627907
1,control,light,Quercus,0.073529412,0.085714286
1,control,light,Quercus,0.137254902,0.032345013
1,control,light,Quercus,0.022727273,0.117647059
1,control,light,Quercus,0.109589041,0.079268293
1,control,light,Quercus,0.06557377,0.046728972
1,exclosure,dark,Quercus,0.052631579,0.038251366
1,exclosure,dark,Quercus,0.041666667,NA
1,exclosure,dark,Quercus,0.041666667,NA
1,exclosure,dark,Quercus,0.156862745,NA
1,exclosure,dark,Quercus,0.065217391,NA
1,exclosure,dark,Quercus,0.015384615,NA
1,exclosure,light,Quercus,0.063829787,0.037037037
1,exclosure,light,Quercus,0.079365079,0.025
1,exclosure,light,Quercus,0.174757282,0.02745098
1,exclosure,light,Quercus,0.070921986,0.029213483
1,exclosure,light,Quercus,0.0625,0.054421769
1,exclosure,light,Quercus,0.077669903,0.042134831
1,control,dark,Tilia,0.029411765,0.206896552
1,control,dark,Tilia,0.038461538,0.315789474
1,control,dark,Tilia,0.054054054,0.125
1,control,dark,Tilia,0.032786885,0.214285714
1,control,dark,Tilia,0.038461538,NA
1,control,dark,Tilia,0.04,0.236842105
1,control,light,Tilia,0.02739726,0.176470588
1,control,light,Tilia,0.057142857,0.072463768
1,control,light,Tilia,0.021276596,0.222222222
1,control,light,Tilia,0.117647059,0.049382716
1,control,light,Tilia,0.032786885,0.307692308
1,control,light,Tilia,0.044444444,0.291666667
1,exclosure,dark,Tilia,0.023529412,NA
1,exclosure,dark,Tilia,0.023255814,0.170731707
1,exclosure,dark,Tilia,0.032786885,0.35
1,exclosure,dark,Tilia,0.042105263,NA
1,exclosure,dark,Tilia,0.014184397,0.202898551
1,exclosure,dark,Tilia,0.027027027,0.128205128
1,exclosure,light,Tilia,0.047058824,0.119047619
1,exclosure,light,Tilia,0.036036036,0.04375
1,exclosure,light,Tilia,0.072289157,0.026666667
1,exclosure,light,Tilia,0.035714286,0.14084507
1,exclosure,light,Tilia,0.066666667,0.052325581
1,exclosure,light,Tilia,0.070175439,0.047945205
2,control,dark,Acer,0.02173913,0.057971014
2,control,dark,Acer,0.03030303,0.233333333
2,control,dark,Acer,0.022727273,0.170731707
2,control,dark,Acer,0.076923077,0.012820513
2,control,dark,Acer,0.03125,0.0625
2,control,dark,Acer,0.041666667,0.380952381
2,control,light,Acer,0.02,0.219512195
2,control,light,Acer,0.018348624,0.195121951
2,control,light,Acer,0.02739726,NA
2,control,light,Acer,0.078431373,0.031914894
2,control,light,Acer,0.018348624,0.239130435
2,control,light,Acer,0.025974026,0.285714286
2,exclosure,dark,Acer,0.024691358,0.244897959
2,exclosure,dark,Acer,0.033333333,0.020408163
2,exclosure,dark,Acer,0.025,0.088235294
2,exclosure,dark,Acer,0.032786885,0.017241379
2,exclosure,dark,Acer,0.025641026,0.013605442
2,exclosure,dark,Acer,0.033898305,0.058823529
2,exclosure,light,Acer,0.019607843,0.054054054
2,exclosure,light,Acer,0.028571429,0.125
2,exclosure,light,Acer,0.03125,0.125
2,exclosure,light,Acer,0.027777778,0.024691358
2,exclosure,light,Acer,0.053333333,0.031496063
2,exclosure,light,Acer,0.020408163,0.019607843
2,control,dark,Carpinus,0.186046512,0.12295082
2,control,dark,Carpinus,0.12244898,0.175438596
2,control,dark,Carpinus,0.210526316,NA
2,control,dark,Carpinus,0.4,0.040322581
2,control,dark,Carpinus,0.035714286,0.133333333
2,control,dark,Carpinus,0.109090909,NA
2,control,light,Carpinus,0.0625,0.952380952
2,control,light,Carpinus,0.105263158,0.467741935
2,control,light,Carpinus,0.054054054,0.653846154
2,control,light,Carpinus,0.054054054,0.702702703
2,control,light,Carpinus,0.068965517,0.360465116
2,control,light,Carpinus,0.042553191,0.162162162
2,exclosure,dark,Carpinus,0.4,0.25
2,exclosure,dark,Carpinus,0.157894737,0.264367816
2,exclosure,dark,Carpinus,0.125,0.212121212
2,exclosure,dark,Carpinus,0.074074074,0.5625
2,exclosure,dark,Carpinus,0.058823529,0.4
2,exclosure,dark,Carpinus,0.058823529,0.257142857
2,exclosure,light,Carpinus,0.08,0.130681818
2,exclosure,light,Carpinus,0.074074074,0.186046512
2,exclosure,light,Carpinus,0.076923077,0.096153846
2,exclosure,light,Carpinus,0.052631579,0.176470588
2,exclosure,light,Carpinus,0.090909091,0.104166667
2,exclosure,light,Carpinus,0.030769231,0.369863014
2,control,dark,Picea,0.71641791,NA
2,control,dark,Picea,0.695652174,NA
2,control,dark,Picea,1.8,NA
2,control,dark,Picea,1,NA
2,control,dark,Picea,0.984615385,NA
2,control,dark,Picea,0.9,NA
2,control,light,Picea,1.576923077,0.031504065
2,control,light,Picea,0.575757576,0.055401662
2,control,light,Picea,0.610526316,0.038903625
2,control,light,Picea,1.366666667,0.050379848
2,control,light,Picea,1.128712871,0.027686404
2,control,light,Picea,1.153846154,0.043771044
2,exclosure,dark,Picea,1.233333333,NA
2,exclosure,dark,Picea,0.52173913,0.054232804
2,exclosure,dark,Picea,2.098360656,0.026041667
2,exclosure,dark,Picea,0.864197531,NA
2,exclosure,dark,Picea,0.852459016,0.077962578
2,exclosure,dark,Picea,0.790123457,NA
2,exclosure,light,Picea,0.325,0.204081633
2,exclosure,light,Picea,0.37037037,0.120666667
2,exclosure,light,Picea,0.571428571,0.203125
2,exclosure,light,Picea,1.510204082,0.105292793
2,exclosure,light,Picea,0.6,0.1
2,exclosure,light,Picea,0.705882353,0.1328125
2,control,dark,Quercus,0.154929577,NA
2,control,dark,Quercus,0.038461538,NA
2,control,dark,Quercus,0.094117647,0.064102564
2,control,dark,Quercus,0.057142857,NA
2,control,dark,Quercus,0.060150376,NA
2,control,dark,Quercus,0.075949367,0.054421769
2,control,light,Quercus,0.047244094,NA
2,control,light,Quercus,0.155339806,0.035
2,control,light,Quercus,0.052631579,0.135416667
2,control,light,Quercus,0.065934066,NA
2,control,light,Quercus,0.097560976,0.075
2,control,light,Quercus,0.047619048,0.086538462
2,exclosure,dark,Quercus,0.072727273,0.03125
2,exclosure,dark,Quercus,0.065217391,0.041666667
2,exclosure,dark,Quercus,0.120481928,0.047826087
2,exclosure,dark,Quercus,0.068181818,0.026143791
2,exclosure,dark,Quercus,0.075,0.015873016
2,exclosure,dark,Quercus,0.0625,0.039548023
2,exclosure,light,Quercus,0.021052632,0.128571429
2,exclosure,light,Quercus,0.018348624,0.116883117
2,exclosure,light,Quercus,0.142857143,0.0375
2,exclosure,light,Quercus,0.08,0.044444444
2,exclosure,light,Quercus,0.046875,0.057142857
2,exclosure,light,Quercus,0.06122449,0.04109589
2,control,dark,Tilia,0.028571429,0.227272727
2,control,dark,Tilia,0.027777778,0.194444444
2,control,dark,Tilia,0.031746032,0.222222222
2,control,dark,Tilia,0.046511628,NA
2,control,dark,Tilia,0.045454545,NA
2,control,dark,Tilia,0.04,0.222222222
2,control,light,Tilia,0.048780488,0.163043478
2,control,light,Tilia,0.056338028,0.066666667
2,control,light,Tilia,0.025641026,0.4
2,control,light,Tilia,0.025316456,0.227272727
2,control,light,Tilia,0.024390244,0.205128205
2,control,light,Tilia,0.025,0.512195122
2,exclosure,dark,Tilia,0.031746032,0.171052632
2,exclosure,dark,Tilia,0.057142857,0.112244898
2,exclosure,dark,Tilia,0.017094017,0.224137931
2,exclosure,dark,Tilia,0.035087719,0.125
2,exclosure,dark,Tilia,0.1,0.075268817
2,exclosure,dark,Tilia,0.032258065,0.254545455
2,exclosure,light,Tilia,0.043478261,0.152777778
2,exclosure,light,Tilia,0.076923077,0.06875
2,exclosure,light,Tilia,0.037735849,0.151515152
2,exclosure,light,Tilia,0.037037037,0.129411765
2,exclosure,light,Tilia,0.044444444,0.180555556
2,exclosure,light,Tilia,0.04,0.264705882
3,control,dark,Acer,0.022988506,0.095238095
3,control,dark,Acer,0.027027027,NA
3,control,dark,Acer,0.048780488,0.0875
3,control,dark,Acer,0.0625,NA
3,control,dark,Acer,0.027777778,NA
3,control,dark,Acer,0.022222222,NA
3,control,light,Acer,0.024096386,NA
3,control,light,Acer,0.025,0.156862745
3,control,light,Acer,0.019230769,0.083333333
3,control,light,Acer,0.055555556,0.128205128
3,control,light,Acer,0.024390244,0.227848101
3,control,light,Acer,0.024390244,0.157894737
3,exclosure,dark,Acer,0.025974026,0.043478261
3,exclosure,dark,Acer,0.06741573,0.117647059
3,exclosure,dark,Acer,0.03030303,0.144927536
3,exclosure,dark,Acer,0.029411765,0.058252427
3,exclosure,dark,Acer,0.03030303,0.022222222
3,exclosure,dark,Acer,0.071428571,0.063829787
3,exclosure,light,Acer,0.05,0.029411765
3,exclosure,light,Acer,0.020618557,0.042857143
3,exclosure,light,Acer,0.025316456,0.109090909
3,exclosure,light,Acer,0.03125,0.046511628
3,exclosure,light,Acer,0.028571429,0.009615385
3,exclosure,light,Acer,0.033898305,0.025531915
3,control,dark,Carpinus,0.022988506,NA
3,control,dark,Carpinus,0.045454545,NA
3,control,dark,Carpinus,0.041666667,0.077586207
3,control,dark,Carpinus,0.235294118,NA
3,control,dark,Carpinus,0.172413793,0.303030303
3,control,dark,Carpinus,0.058823529,NA
3,control,light,Carpinus,0.048780488,0.696969697
3,control,light,Carpinus,0.03125,0.285714286
3,control,light,Carpinus,0.133333333,0.428571429
3,control,light,Carpinus,0.070175439,0.359375
3,control,light,Carpinus,0.125,0.135802469
3,control,light,Carpinus,0.127659574,0.217391304
3,exclosure,dark,Carpinus,0.037037037,0.197183099
3,exclosure,dark,Carpinus,0.181818182,0.166666667
3,exclosure,dark,Carpinus,0.046511628,0.285714286
3,exclosure,dark,Carpinus,0.042553191,0.184615385
3,exclosure,dark,Carpinus,0.060606061,0.318181818
3,exclosure,dark,Carpinus,0.038461538,0.027027027
3,exclosure,light,Carpinus,0.315789474,0.244444444
3,exclosure,light,Carpinus,0.275862069,0.057291667
3,exclosure,light,Carpinus,0.193548387,0.063829787
3,exclosure,light,Carpinus,0.216216216,0.04296875
3,exclosure,light,Carpinus,0.068965517,0.115625
3,exclosure,light,Carpinus,0.051282051,0.252336449
3,control,dark,picea,2.032258065,NA
3,control,dark,picea,0.549019608,NA
3,control,dark,picea,1.791666667,NA
3,control,dark,picea,0.6,NA
3,control,dark,picea,0.8,NA
3,control,dark,picea,1.12,0.053571429
3,control,light,Picea,1.952941176,0.026447252
3,control,light,Picea,0.738095238,0.059064062
3,control,light,Picea,1.571428571,0.055555556
3,control,light,Picea,0.986666667,0.034234234
3,control,light,picea,1.272727273,0.031037415
3,control,light,Picea,0.947368421,0.075445816
3,exclosure,dark,picea,1.41025641,NA
3,exclosure,dark,Picea,1.871794872,NA
3,exclosure,dark,picea,1.25,NA
3,exclosure,dark,Picea,0.882352941,NA
3,exclosure,dark,Picea,0.76,NA
3,exclosure,dark,Picea,1.964912281,NA
3,exclosure,light,Picea,1.342105263,0.071266968
3,exclosure,light,Picea,0.912280702,0.099358974
3,exclosure,light,Picea,0.9,0.04916986
3,exclosure,light,Picea,1.357798165,0.037655633
3,exclosure,light,Picea,0.96,0.059640523
3,exclosure,light,Picea,0.88172043,0.051961824
3,control,dark,Quercus,0.161616162,NA
3,control,dark,Quercus,0.025641026,NA
3,control,dark,Quercus,0.088888889,NA
3,control,dark,Quercus,0.020408163,NA
3,control,dark,Quercus,0.107142857,NA
3,control,dark,Quercus,0.071428571,NA
3,control,light,Quercus,0.162162162,NA
3,control,light,Quercus,0.114649682,NA
3,control,light,Quercus,0.106382979,NA
3,control,light,Quercus,0.120300752,NA
3,control,light,Quercus,0.083333333,NA
3,control,light,Quercus,0.057971014,NA
3,exclosure,dark,Quercus,0.034188034,0.072580645
3,exclosure,dark,Quercus,0.08,0.024539877
3,exclosure,dark,Quercus,0.118644068,0.020408163
3,exclosure,dark,Quercus,0.05988024,0.037647059
3,exclosure,dark,Quercus,0.157894737,0.025500911
3,exclosure,dark,Quercus,0.113475177,0.012048193
3,exclosure,light,Quercus,0.071428571,0.107692308
3,exclosure,light,Quercus,0.019230769,0.105263158
3,exclosure,light,Quercus,0.076190476,0.034375
3,exclosure,light,Quercus,0.151515152,0.036170213
3,exclosure,light,Quercus,0.020408163,0.170731707
3,exclosure,light,Quercus,0.02247191,0.019047619
3,control,dark,Tilia,0.047619048,0.19047619
3,control,dark,Tilia,0.021505376,0.235294118
3,control,dark,Tilia,0.035087719,0.289473684
3,control,dark,Tilia,0.037735849,0.206896552
3,control,dark,Tilia,0.024096386,0.191489362
3,control,dark,Tilia,0.077922078,0.037037037
3,control,light,Tilia,0.046511628,0.159090909
3,control,light,Tilia,0.019607843,0.266666667
3,control,light,Tilia,0.027027027,0.733333333
3,control,light,Tilia,0.026666667,0.179487179
3,control,light,Tilia,0.028571429,0.388888889
3,control,light,Tilia,0.051282051,0.194444444
3,exclosure,dark,Tilia,0.024390244,0.23655914
3,exclosure,dark,Tilia,0.025641026,0.3125
3,exclosure,dark,Tilia,0.117647059,0.056603774
3,exclosure,dark,Tilia,0.038461538,0.333333333
3,exclosure,dark,Tilia,0.032786885,0.181818182
3,exclosure,dark,Tilia,0.040816327,0.243243243
3,exclosure,light,Tilia,0.03030303,0.138461538
3,exclosure,light,Tilia,0.114285714,0.068965517
3,exclosure,light,Tilia,0.032258065,0.1
3,exclosure,light,Tilia,0.028571429,0.108108108
3,exclosure,light,Tilia,0.032786885,0.0625
3,exclosure,light,Tilia,0.035714286,0.037735849
4,control,dark,Acer,0.019047619,0.133333333
4,control,dark,Acer,0.066666667,0.140625
4,control,dark,Acer,0.026666667,0.324324324
4,control,dark,Acer,0.025974026,0.138613861
4,control,dark,Acer,0.018867925,NA
4,control,dark,Acer,0.024390244,0.139534884
4,control,light,Acer,0.025316456,0.279069767
4,control,light,Acer,0.031746032,NA
4,control,light,Acer,0.022988506,0.333333333
4,control,light,Acer,0.031746032,0.207792208
4,control,light,Acer,0.040816327,0.181818182
4,control,light,Acer,0.025974026,NA
4,exclosure,dark,Acer,0.027027027,0.032608696
4,exclosure,dark,Acer,0.027777778,0.063492063
4,exclosure,dark,Acer,0.03030303,0.044776119
4,exclosure,dark,Acer,0.024390244,0.074074074
4,exclosure,dark,Acer,0.05,0.035211268
4,exclosure,dark,Acer,0.037735849,0.02020202
4,exclosure,Light,Acer,0.01980198,0.095238095
4,exclosure,Light,Acer,0.027777778,0.06
4,exclosure,Light,Acer,0.02247191,0.137931034
4,exclosure,Light,Acer,0.024691358,0.106382979
4,exclosure,Light,Acer,0.029411765,0.072164948
4,exclosure,Light,Acer,0.035714286,0.044247788
4,control,dark,Carpinus,0.074074074,NA
4,control,dark,Carpinus,0.043478261,NA
4,control,dark,Carpinus,0.192307692,0.12
4,control,dark,Carpinus,0.047619048,NA
4,control,dark,Carpinus,0.038461538,0.631578947
4,control,dark,Carpinus,0.074074074,NA
4,control,light,Carpinus,0.028169014,0.35
4,control,light,Carpinus,0.058823529,0.272727273
4,control,light,Carpinus,0.058823529,0.2
4,control,light,Carpinus,0.041666667,0.483870968
4,control,light,Carpinus,0.133333333,0.114583333
4,control,light,Carpinus,0.043478261,0.133333333
4,exclosure,dark,Carpinus,0.107142857,0.016666667
4,exclosure,dark,Carpinus,0.05,0.391304348
4,exclosure,dark,Carpinus,0.185185185,0.065
4,exclosure,dark,Carpinus,0.058823529,0.146341463
4,exclosure,dark,Carpinus,0.4,0.195555556
4,exclosure,dark,Carpinus,0.111111111,0.264150943
4,Exclosure,Light,Carpinus,0.19047619,0.089041096
4,exclosure,Light,Carpinus,0.148148148,0.106132075
4,exclosure,Light,Carpinus,0.033333333,0.361702128
4,exclosure,Light,Carpinus,0.04,0.296875
4,exclosure,Light,Carpinus,0.037037037,0.213333333
4,Exclosure,Light,Carpinus,0.260869565,0.12745098
4,control,dark,Picea,1.283018868,0.048642534
4,control,dark,Picea,0.829268293,0.0410831
4,control,dark,Picea,1.046153846,0.039915966
4,control,dark,Picea,2.571428571,0.025813692
4,control,dark,Picea,0.829268293,NA
4,control,dark,Picea,0.72,0.054054054
4,control,light,Picea,1.28125,0.054126295
4,control,light,Picea,1,0.082407407
4,control,light,Picea,1.046875,0.029850746
4,control,light,Picea,1.794117647,0.042622951
4,control,light,Picea,1.333333333,0.03952381
4,control,light,Picea,1.388888889,0.0308
4,exclosure,dark,Picea,1.52173913,0.000328407
4,exclosure,dark,Picea,1.016949153,NA
4,exclosure,dark,Picea,1.055555556,NA
4,exclosure,dark,Picea,1.955555556,0.025369979
4,exclosure,dark,Picea,0.846153846,NA
4,exclosure,dark,Picea,0.821428571,NA
4,exclosure,Light,Picea,1.781818182,0.05877551
4,exclosure,Light,Picea,0.029411765,3.904109589
4,exclosure,Light,Picea,2.377777778,0.036593392
4,exclosure,Light,Picea,1.024390244,0.056935818
4,exclosure,Light,Picea,0.814814815,0.066666667
4,exclosure,Light,Picea,1.653846154,0.063307494
4,control,dark,Quercus,0.028985507,NA
4,control,dark,Quercus,0.294117647,NA
4,control,dark,Quercus,0.034883721,0.106666667
4,control,dark,Quercus,0.043478261,0.078947368
4,control,dark,Quercus,0.158730159,0.038235294
4,control,dark,Quercus,0.043010753,NA
4,control,light,Quercus,0.021505376,0.1
4,control,light,Quercus,0.027777778,0.131944444
4,control,light,Quercus,0.037735849,0.116504854
4,control,light,Quercus,0.09009009,0.083168317
4,control,light,Quercus,0.072072072,0.12295082
4,control,light,Quercus,0.033333333,0.133333333
4,exclosure,dark,Quercus,0.115942029,0.03125
4,exclosure,dark,Quercus,0.084337349,0.020952381
4,exclosure,dark,Quercus,0.170212766,0.014492754
4,exclosure,dark,Quercus,0.033333333,0.050724638
4,exclosure,dark,Quercus,0.018518519,0.051724138
4,exclosure,dark,Quercus,0.091603053,0.04109589
4,exclosure,Light,Quercus,0.094117647,0.051075269
4,exclosure,Light,Quercus,0.12962963,0.029900332
4,exclosure,Light,Quercus,0.127659574,0.03875969
4,exclosure,Light,Quercus,0.057142857,0.077380952
4,exclosure,Light,Quercus,0.153846154,0.036380597
4,exclosure,Light,Quercus,0.027586207,0.05511811
4,control,dark,Tilia,0.020408163,0.152380952
4,control,dark,Tilia,0.022988506,0.166666667
4,control,dark,Tilia,0.147058824,0.076470588
4,control,dark,Tilia,0.026666667,NA
4,control,dark,Tilia,0.043478261,NA
4,control,dark,Tilia,0.052631579,0.052083333
4,control,light,Tilia,0.044444444,0.188235294
4,control,light,Tilia,0.019230769,0.37037037
4,control,light,Tilia,0.029411765,0.1875
4,control,light,Tilia,0.018867925,0.156862745
4,control,light,Tilia,0.038461538,0.285714286
4,control,light,Tilia,0.020833333,0.195121951
4,exclosure,dark,Tilia,0.033333333,0.252631579
4,exclosure,dark,Tilia,0.043956044,0.112903226
4,exclosure,dark,Tilia,0.040816327,0.067567568
4,exclosure,dark,Tilia,0.022222222,0.243902439
4,exclosure,dark,Tilia,0.022727273,0.311111111
4,exclosure,dark,Tilia,0.035714286,0.228571429
4,exclosure,Light,Tilia,0.02739726,0.118811881
4,exclosure,Light,Tilia,0.048,0.032407407
4,exclosure,light,Tilia,0.019607843,0.194029851
4,exclosure,light,Tilia,0.025,0.166666667
4,exclosure,light,Tilia,0.028985507,0.168831169
4,exclosure,Light,Tilia,0.054794521,0.051546392
5,control,dark,Acer,0.016,0.25862069
5,control,dark,Acer,0.094117647,0.067073171
5,control,dark,Acer,0.02739726,0.208333333
5,control,dark,Acer,0.024390244,NA
5,control,dark,Acer,0.022727273,0.25974026
5,control,dark,Acer,0.032258065,0.1
5,control,Light,Acer,0.017241379,0.016129032
5,control,Light,Acer,0.016949153,0.160714286
5,control,Light,Acer,0.02739726,0.153846154
5,control,Light,Acer,0.023255814,0.210526316
5,control,Light,Acer,0.047619048,0.083333333
5,control,Light,Acer,0.01754386,0.189473684
5,exclosure,dark,Acer,0.052631579,0.035087719
5,exclosure,dark,Acer,0.022988506,0.08
5,exclosure,dark,Acer,0.024691358,0.042105263
5,exclosure,dark,Acer,0.02,0.115789474
5,exclosure,dark,Acer,0.020408163,0.086206897
5,exclosure,dark,Acer,0.025,0.06097561
5,exclosure,light,Acer,0.04,0.133333333
5,exclosure,light,Acer,0.021276596,0.070588235
5,exclosure,light,Acer,0.022988506,0.085106383
5,exclosure,light,Acer,0.026666667,0.118644068
5,exclosure,light,Acer,0.025641026,0.166666667
5,exclosure,light,Acer,0.016,0.009615385
5,control,dark,Carpinus,0.055555556,0.333333333
5,control,dark,Carpinus,0.051282051,0.363636364
5,control,dark,Carpinus,0.03125,0.457142857
5,control,dark,Carpinus,0.2,0.034313726
5,control,dark,Carpinus,0.041666667,0.333333333
5,control,dark,Carpinus,0.066666667,0.8
5,control,Light,Carpinus,0.384615385,0.109090909
5,control,Light,Carpinus,0.242424242,0.0625
5,control,Light,Carpinus,0.042553191,0.4375
5,control,Light,Carpinus,0.046511628,0.358974359
5,control,Light,Carpinus,0.038461538,0.487179487
5,control,Light,Carpinus,0.060606061,0.4
5,exclosure,dark,Carpinus,0.066666667,0.357142857
5,exclosure,dark,Carpinus,0.06557377,0.170212766
5,exclosure,dark,Carpinus,0.12,0.357142857
5,exclosure,dark,Carpinus,0.325581395,0.107142857
5,exclosure,dark,Carpinus,0.086956522,0.595744681
5,exclosure,dark,Carpinus,0.057142857,0.341463415
5,exclosure,light,Carpinus,0.105263158,0.189393939
5,exclosure,light,Carpinus,0.153846154,0.108870968
5,exclosure,light,Carpinus,0.046511628,0.4375
5,exclosure,light,Carpinus,0.095238095,0.25
5,exclosure,light,Carpinus,0.115384615,0.079365079
5,exclosure,light,Carpinus,0.227272727,0.080769231
5,control,dark,Picea,1.306666667,0.043148688
5,control,dark,Picea,1.166666667,0.035102041
5,control,dark,Picea,1.391304348,0.033514493
5,control,dark,Picea,1.189189189,NA
5,control,dark,Picea,2.097560976,0.020975832
5,control,dark,Picea,1.045454545,0.027536232
5,control,Light,Picea,0.938271605,0.087320574
5,control,Light,Picea,1.2,0.02688172
5,control,Light,Picea,1.095238095,NA
5,control,Light,Picea,1.142857143,0.000548246
5,control,Light,Picea,1.047619048,NA
5,control,Light,Picea,1.52,0.016018307
5,exclosure,dark,Picea,0.912280702,0.064102564
5,exclosure,dark,Picea,0.823529412,0.0589701
5,exclosure,dark,Picea,2.323529412,0.042577676
5,exclosure,dark,Picea,1.433333333,0.048470012
5,exclosure,dark,Picea,0.823529412,0.02585034
5,exclosure,dark,Picea,0.297297297,0.211764706
5,exclosure,light,Picea,1.096774194,0.065743945
5,exclosure,light,Picea,1.482758621,0.076984763
5,exclosure,light,Picea,1,0.102122016
5,exclosure,light,Picea,0.507462687,0.152249135
5,exclosure,light,Picea,1.153846154,0.033703704
5,exclosure,light,Picea,0.426229508,0.103296703
5,control,dark,Quercus,0.028571429,NA
5,control,dark,Quercus,0.096153846,0.003846154
5,control,dark,Quercus,0.03960396,NA
5,control,dark,Quercus,0.045454545,NA
5,control,dark,Quercus,0.028985507,NA
5,control,dark,Quercus,0.020833333,NA
5,control,Light,Quercus,0.178571429,0.027941176
5,control,Light,Quercus,0.514285714,0.03030303
5,control,Light,Quercus,0.18404908,0.03196347
5,control,Light,Quercus,0.052631579,0.142857143
5,control,Light,Quercus,0.076923077,0.017094017
5,control,Light,Quercus,0.121212121,0.046
5,exclosure,dark,Quercus,0.063829787,0.030769231
5,exclosure,dark,Quercus,0.022727273,0.096774194
5,exclosure,dark,Quercus,0.019047619,0.206349206
5,exclosure,dark,Quercus,0.073170732,0.036363636
5,exclosure,dark,Quercus,0.159292035,0.015873016
5,exclosure,dark,Quercus,0.051948052,0.042763158
5,exclosure,light,Quercus,0.044444444,0.067307692
5,exclosure,light,Quercus,0.057142857,0.08974359
5,exclosure,light,Quercus,0.135135135,0.020869565
5,exclosure,light,Quercus,0.014814815,0.178082192
5,exclosure,light,Quercus,0.054054054,0.112403101
5,exclosure,light,Quercus,0.030534351,0.092857143
5,control,dark,Tilia,0.024390244,0.382978723
5,control,dark,Tilia,0.028169014,0.310344828
5,control,dark,Tilia,0.054054054,0.138297872
5,control,dark,Tilia,0.025316456,0.090909091
5,control,dark,Tilia,0.076923077,0.057971014
5,control,dark,Tilia,0.026315789,0.268292683
5,control,Light,Tilia,0.095238095,0.106666667
5,control,Light,Tilia,0.042553191,0.043010753
5,control,Light,Tilia,0.024096386,0.162162162
5,control,Light,Tilia,0.068965517,0.075
5,control,Light,Tilia,0.020408163,0.202020202
5,control,Light,Tilia,0.035087719,0.489795918
5,exclosure,dark,Tilia,0.035714286,0.195652174
5,exclosure,dark,Tilia,0.033333333,0.340909091
5,exclosure,dark,Tilia,0.093457944,0.036
5,exclosure,dark,Tilia,0.018348624,0.31147541
5,exclosure,dark,Tilia,0.022988506,0.192
5,exclosure,dark,Tilia,0.094339623,0.076923077
5,exclosure,light,Tilia,0.027777778,0.138888889
5,exclosure,light,Tilia,0.03125,0.19047619
5,exclosure,light,Tilia,0.024691358,0.102564103
5,exclosure,light,Tilia,0.042553191,0.083333333
5,exclosure,light,Tilia,0.071428571,0.096618357
5,exclosure,light,Tilia,0.027777778,0.234375
6,control,dark,Acer,0.020408163,0.136752137
6,control,dark,Acer,0.02173913,0.166666667
6,control,dark,Acer,0.020833333,0.060606061
6,control,dark,Acer,0.018691589,0.163636364
6,control,dark,Acer,0.028169014,0.037735849
6,control,dark,Acer,0.033333333,0.133333333
6,control,light,Acer,0.036363636,0.35483871
6,control,light,Acer,0.029411765,0.179487179
6,control,light,Acer,0.027777778,0.225352113
6,control,light,Acer,0.024096386,0.256410256
6,control,light,Acer,0.022727273,0.153846154
6,control,light,Acer,0.017241379,0.172413793
6,exclosure,dark,Acer,0.020408163,0.116666667
6,exclosure,dark,Acer,0.023529412,0.06122449
6,exclosure,dark,Acer,0.016666667,0.042857143
6,exclosure,dark,Acer,0.027027027,0.130434783
6,exclosure,dark,Acer,0.026666667,0.071428571
6,exclosure,dark,Acer,0.05,0.037878788
6,exclosure,light,Acer,0.021276596,0.054216867
6,exclosure,light,Acer,0.013793103,0.050505051
6,exclosure,light,Acer,0.023809524,0.079646018
6,exclosure,light,Acer,0.018518519,0.214285714
6,exclosure,light,Acer,0.01242236,0.065693431
6,exclosure,light,Acer,0.02247191,0.166666667
6,control,dark,Carpinus,0.025641026,0.355555556
6,control,dark,Carpinus,0.16,0.12962963
6,control,dark,Carpinus,0.028571429,0.456521739
6,control,dark,Carpinus,0.136986301,0.154166667
6,control,dark,Carpinus,0.137931034,0.172413793
6,control,dark,Carpinus,0.035087719,0.382352941
6,control,light,Carpinus,0.148148148,0.088235294
6,control,light,Carpinus,0.095238095,0.217391304
6,control,light,Carpinus,0.047619048,0.485714286
6,control,light,Carpinus,0.0625,0.5
6,control,light,Carpinus,0.148148148,0.113636364
6,control,light,Carpinus,0.040816327,0.272727273
6,exclosure,dark,Carpinus,0.040816327,0.31147541
6,exclosure,dark,Carpinus,0.035087719,0.5
6,exclosure,dark,Carpinus,0.078431373,0.174242424
6,exclosure,dark,Carpinus,0.101694915,0.204301075
6,exclosure,dark,Carpinus,0.136363636,0.171428571
6,exclosure,dark,Carpinus,0.1875,0.125
6,exclosure,light,Carpinus,0.24,0.07751938
6,exclosure,light,Carpinus,0.045454545,0.526315789
6,exclosure,light,Carpinus,0.04,0.48
6,exclosure,light,Carpinus,0.027777778,0.1875
6,exclosure,light,Carpinus,0.105263158,0.09929078
6,exclosure,light,Carpinus,0.036363636,0.3
6,control,dark,Picea,2.23880597,0.062389937
6,control,dark,Picea,1.575757576,0.053753475
6,control,dark,Picea,0.891566265,0.087420754
6,control,dark,Picea,0.71641791,NA
6,control,dark,Picea,1.25,0.06031746
6,control,dark,Picea,2.218181818,0.01480698
6,control,light,Picea,1.517241379,0.013368984
6,control,light,Picea,1.756756757,0.028490028
6,control,light,Picea,1.2,0.020408163
6,control,light,Picea,1.172413793,0.035614246
6,control,light,Picea,1.341772152,0.023833168
6,control,light,Picea,2.061538462,0.033491081
6,exclosure,dark,Picea,1.675,0.06640268
6,exclosure,dark,Picea,0.876190476,0.053456878
6,exclosure,dark,Picea,1.114285714,0.130477118
6,exclosure,dark,Picea,1.416666667,0.128803245
6,exclosure,dark,Picea,1.545454545,0.076040172
6,exclosure,dark,Picea,0.714285714,0.102857143
6,exclosure,light,Picea,1.108108108,0.073170732
6,exclosure,light,Picea,1.02173913,0.054916619
6,exclosure,light,Picea,0.033333333,3.520833333
6,exclosure,light,Picea,1.677419355,0.05260181
6,exclosure,light,Picea,1.111111111,0.034642857
6,exclosure,light,Picea,0.983050847,0.052298851
6,control,dark,Quercus,0.015151515,0.064102564
6,control,dark,Quercus,0.01980198,0.103448276
6,control,dark,Quercus,0.045977011,0.084745763
6,control,dark,Quercus,0.073529412,0.056097561
6,control,dark,Quercus,0.082758621,0.027777778
6,control,dark,Quercus,0.053097345,0.051282051
6,control,light,Quercus,0.033898305,0.175675676
6,control,light,Quercus,0.075471698,NA
6,control,light,Quercus,0.085470085,0.062068966
6,control,light,Quercus,0.056603774,0.115151515
6,control,light,Quercus,0.142857143,0.062893082
6,control,light,Quercus,0.058823529,0.106918239
6,exclosure,dark,Quercus,0.036697248,0.073529412
6,exclosure,dark,Quercus,0.01754386,0.125
6,exclosure,dark,Quercus,0.131147541,0.053308824
6,exclosure,dark,Quercus,0.086206897,0.038235294
6,exclosure,dark,Quercus,0.057692308,0.052910053
6,exclosure,dark,Quercus,0.043478261,0.057142857
6,exclosure,light,Quercus,0.017857143,0.106382979
6,exclosure,light,Quercus,0.021276596,0.120689655
6,exclosure,light,Quercus,0.12371134,0.046969697
6,exclosure,light,Quercus,0.049382716,0.06557377
6,exclosure,light,Quercus,0.084745763,0.023809524
6,exclosure,light,Quercus,0.043010753,0.032520325
6,control,dark,Tilia,0.038461538,0.09
6,control,dark,Tilia,0.027027027,0.176470588
6,control,dark,Tilia,0.024390244,0.093023256
6,control,dark,Tilia,0.024390244,0.209302326
6,control,dark,Tilia,0.033898305,0.5
6,control,dark,Tilia,0.036363636,NA
6,control,light,Tilia,0.027027027,0.272727273
6,control,light,Tilia,0.060606061,0.296296296
6,control,light,Tilia,0.072727273,0.158536585
6,control,light,Tilia,0.030769231,0.095890411
6,control,light,Tilia,0.071428571,0.283333333
6,control,light,Tilia,0.037735849,0.65625
6,exclosure,dark,Tilia,0.046511628,0.173913043
6,exclosure,dark,Tilia,0.02020202,0.133333333
6,exclosure,dark,Tilia,0.023255814,0.171875
6,exclosure,dark,Tilia,0.042553191,0.096153846
6,exclosure,dark,Tilia,0.045454545,0.236842105
6,exclosure,dark,Tilia,0.053333333,0.130952381
6,exclosure,light,Tilia,0.029411765,0.1
6,exclosure,light,Tilia,0.075,0.042105263
6,exclosure,light,Tilia,0.02247191,0.113636364
6,exclosure,light,Tilia,0.025974026,0.166666667
6,exclosure,light,Tilia,0.026315789,0.21686747
6,exclosure,light,Tilia,0.058823529,0.068627451
